latitude,longitude,bright_ti4,scan,track,acq_date,acq_time,satellite,instrument,confidence,version,bright_ti5,frp,daynight,type
39.49355,-119.619,300.32,0.46,0.39,2025-09-15,939,N,VIIRS,n,2,283.86,0.62,N,2
39.62053,-119.26523,298.19,0.45,0.39,2025-09-15,939,N,VIIRS,n,2,286.04,0.44,N,2
40.82173,-114.257,313.05,0.39,0.36,2025-09-15,939,N,VIIRS,n,2,285.64,1.56,N,2
34.14368,-117.42745,303.11,0.38,0.36,2025-09-15,940,N,VIIRS,n,2,289.75,0.3,N,2
34.33364,-118.52207,298.93,0.39,0.36,2025-09-15,940,N,VIIRS,n,2,288.05,0.23,N,2
34.33698,-118.52136,311.87,0.39,0.36,2025-09-15,940,N,VIIRS,n,2,290.5,0.78,N,2
34.35421,-116.85202,310.38,0.38,0.36,2025-09-15,940,N,VIIRS,n,2,291.52,1.11,N,2
34.42864,-118.64513,302.22,0.39,0.37,2025-09-15,940,N,VIIRS,n,2,287.78,0.89,N,2
34.43198,-118.64437,308.85,0.39,0.37,2025-09-15,940,N,VIIRS,n,2,289.18,0.89,N,2
34.60804,-117.33627,310.28,0.38,0.36,2025-09-15,940,N,VIIRS,n,2,291.95,1.2,N,2
34.62169,-117.10236,321.3,0.38,0.36,2025-09-15,940,N,VIIRS,n,2,293.54,2.36,N,2
36.93415,-119.08423,297.39,0.42,0.38,2025-09-15,940,N,VIIRS,n,2,283.46,0.41,N,0
36.93756,-119.0833,307.09,0.42,0.38,2025-09-15,940,N,VIIRS,n,2,284.06,1.04,N,0
36.9391,-119.00051,333.08,0.42,0.37,2025-09-15,940,N,VIIRS,n,2,288.9,3.39,N,0
36.94717,-119.07599,295.96,0.42,0.38,2025-09-15,940,N,VIIRS,n,2,282.37,0.57,N,0
36.94954,-119.07835,295.77,0.42,0.38,2025-09-15,940,N,VIIRS,n,2,283.09,0.61,N,0
36.96306,-118.99491,297.6,0.42,0.37,2025-09-15,940,N,VIIRS,n,2,285.74,1.04,N,0
36.97628,-119.06678,303.8,0.42,0.38,2025-09-15,940,N,VIIRS,n,2,281.9,1.04,N,0
36.97693,-119.0717,310.03,0.42,0.38,2025-09-15,940,N,VIIRS,n,2,282.11,0.97,N,0
36.97758,-119.07658,297.87,0.42,0.38,2025-09-15,940,N,VIIRS,n,2,281.56,0.97,N,0
36.97905,-119.06114,295.96,0.42,0.38,2025-09-15,940,N,VIIRS,n,2,280.85,1.28,N,0
36.98101,-119.0758,297.82,0.42,0.38,2025-09-15,940,N,VIIRS,n,2,282.22,1.08,N,0
36.98314,-119.06529,318.11,0.42,0.38,2025-09-15,940,N,VIIRS,n,2,281.77,1.28,N,0
36.98594,-119.05984,296.91,0.42,0.38,2025-09-15,940,N,VIIRS,n,2,281.61,0.97,N,0
36.98658,-119.06461,311.77,0.42,0.38,2025-09-15,940,N,VIIRS,n,2,281.87,0.97,N,0
36.98787,-119.07419,300.01,0.42,0.38,2025-09-15,940,N,VIIRS,n,2,282.24,1.1,N,0
36.99198,-119.07845,342.43,0.42,0.38,2025-09-15,940,N,VIIRS,n,2,285,2.91,N,0
36.99266,-119.08353,298.47,0.42,0.38,2025-09-15,940,N,VIIRS,n,2,283.74,2.91,N,0
36.99413,-119.06815,308.99,0.42,0.38,2025-09-15,940,N,VIIRS,n,2,282.25,1.05,N,0
36.99476,-119.07288,301.42,0.42,0.38,2025-09-15,940,N,VIIRS,n,2,282.75,1.05,N,0
36.99542,-119.0778,308.53,0.42,0.38,2025-09-15,940,N,VIIRS,n,2,284.05,0.86,N,0
36.99611,-119.0829,297.57,0.42,0.38,2025-09-15,940,N,VIIRS,n,2,283.62,0.86,N,0
36.99722,-119.03868,303.13,0.42,0.38,2025-09-15,940,N,VIIRS,n,2,281.53,0.84,N,0
36.99787,-119.0435,301.11,0.42,0.38,2025-09-15,940,N,VIIRS,n,2,279.89,0.84,N,0
36.99851,-119.04827,295.78,0.42,0.38,2025-09-15,940,N,VIIRS,n,2,279.55,0.86,N,0
37.00323,-119.05701,298.39,0.42,0.38,2025-09-15,940,N,VIIRS,n,2,280.6,0.68,N,0
37.01175,-119.17318,305.29,0.42,0.38,2025-09-15,940,N,VIIRS,n,2,284.63,0.72,N,0
37.01237,-119.17784,301.48,0.42,0.38,2025-09-15,940,N,VIIRS,n,2,285.49,0.72,N,0
37.013,-119.18249,297.17,0.42,0.38,2025-09-15,940,N,VIIRS,n,2,285.09,0.58,N,0
37.01389,-119.1627,328.33,0.42,0.38,2025-09-15,940,N,VIIRS,n,2,286.82,1.89,N,0
37.01455,-119.16756,313.91,0.42,0.38,2025-09-15,940,N,VIIRS,n,2,285.98,1.89,N,0
37.01519,-119.17233,307.18,0.42,0.38,2025-09-15,940,N,VIIRS,n,2,285.67,0.91,N,0
37.01581,-119.17701,300.75,0.42,0.38,2025-09-15,940,N,VIIRS,n,2,284.5,0.91,N,0
37.01643,-119.18166,322.67,0.42,0.38,2025-09-15,940,N,VIIRS,n,2,286.77,2.11,N,0
37.01797,-119.16665,297.81,0.42,0.38,2025-09-15,940,N,VIIRS,n,2,285.95,1.89,N,0
37.01859,-119.0922,301.57,0.42,0.38,2025-09-15,940,N,VIIRS,n,2,281.73,0.86,N,0
37.01862,-119.17149,305.56,0.42,0.38,2025-09-15,940,N,VIIRS,n,2,286.11,0.91,N,0
37.02074,-119.16087,305.77,0.42,0.38,2025-09-15,940,N,VIIRS,n,2,285.71,1.04,N,0
37.02103,-119.13667,308.68,0.42,0.38,2025-09-15,940,N,VIIRS,n,2,285.06,1.26,N,0
37.02166,-119.1413,321.78,0.42,0.38,2025-09-15,940,N,VIIRS,n,2,286.73,2.74,N,0
37.02206,-119.17064,312.04,0.42,0.38,2025-09-15,940,N,VIIRS,n,2,287.46,1.98,N,0
37.02229,-119.14596,326.59,0.42,0.38,2025-09-15,940,N,VIIRS,n,2,286.52,2.74,N,0
37.02266,-119.09616,301.31,0.42,0.38,2025-09-15,940,N,VIIRS,n,2,283.74,0.86,N,0
37.02269,-119.17537,313.15,0.42,0.38,2025-09-15,940,N,VIIRS,n,2,286.41,1.98,N,0
37.02291,-119.15061,304.66,0.42,0.38,2025-09-15,940,N,VIIRS,n,2,284.48,0.81,N,0
37.02354,-119.1553,299.34,0.42,0.38,2025-09-15,940,N,VIIRS,n,2,284.61,0.81,N,0
37.02451,-119.13612,343.67,0.42,0.38,2025-09-15,940,N,VIIRS,n,2,294.23,9.75,N,0
37.02481,-119.16478,295.59,0.42,0.38,2025-09-15,940,N,VIIRS,n,2,284.55,1.04,N,0
37.02514,-119.14076,328.92,0.42,0.38,2025-09-15,940,N,VIIRS,n,2,286.87,5.77,N,0
37.02576,-119.14539,310.27,0.42,0.38,2025-09-15,940,N,VIIRS,n,2,285.92,5.77,N,0
37.02613,-119.17455,325.8,0.42,0.38,2025-09-15,940,N,VIIRS,n,2,286.8,1.98,N,0
37.02638,-119.15,311.62,0.42,0.38,2025-09-15,940,N,VIIRS,n,2,285.78,1.13,N,0
37.02676,-119.17929,307.25,0.42,0.38,2025-09-15,940,N,VIIRS,n,2,285.66,1.79,N,0
37.027,-119.1546,312.65,0.42,0.38,2025-09-15,940,N,VIIRS,n,2,285.5,1.13,N,0
37.02735,-119.13086,339.51,0.42,0.38,2025-09-15,940,N,VIIRS,n,2,285.61,9.75,N,0
37.02798,-119.13559,344.2,0.42,0.38,2025-09-15,940,N,VIIRS,n,2,288.24,9.75,N,0
37.02861,-119.14024,346.42,0.42,0.38,2025-09-15,940,N,VIIRS,n,2,287.7,5.77,N,0
37.02922,-119.14482,343.34,0.42,0.38,2025-09-15,940,N,VIIRS,n,2,288.83,5.77,N,0
37.02956,-119.17371,313.38,0.42,0.38,2025-09-15,940,N,VIIRS,n,2,284.98,1.2,N,0
37.02984,-119.1494,297.87,0.42,0.38,2025-09-15,940,N,VIIRS,n,2,284.38,1.13,N,0
37.0302,-119.1785,295.31,0.42,0.38,2025-09-15,940,N,VIIRS,n,2,283.88,0.7,N,0
37.03045,-119.15395,297.39,0.42,0.38,2025-09-15,940,N,VIIRS,n,2,284.93,1.13,N,0
37.03078,-119.13011,309.29,0.42,0.38,2025-09-15,940,N,VIIRS,n,2,285.11,1.11,N,0
37.03143,-119.13488,299.28,0.42,0.38,2025-09-15,940,N,VIIRS,n,2,283.73,1.11,N,0
37.03206,-119.13956,329.81,0.42,0.38,2025-09-15,940,N,VIIRS,n,2,286.35,3.98,N,0
37.03269,-119.14418,324.36,0.42,0.38,2025-09-15,940,N,VIIRS,n,2,284.77,3.98,N,0
37.0333,-119.14877,344.08,0.42,0.38,2025-09-15,940,N,VIIRS,n,2,288.52,4.27,N,0
37.03392,-119.15334,306.44,0.42,0.38,2025-09-15,940,N,VIIRS,n,2,285.09,4.27,N,0
37.03453,-119.15792,304.42,0.42,0.38,2025-09-15,940,N,VIIRS,n,2,284.78,1.09,N,0
37.03677,-119.14814,335.84,0.42,0.38,2025-09-15,940,N,VIIRS,n,2,287.11,4.27,N,0
37.03738,-119.15272,313.01,0.42,0.38,2025-09-15,940,N,VIIRS,n,2,284.68,4.27,N,0
37.03762,-119.12821,305.76,0.42,0.38,2025-09-15,940,N,VIIRS,n,2,283.23,3.39,N,0
37.03801,-119.15736,303.57,0.42,0.38,2025-09-15,940,N,VIIRS,n,2,284.42,1.09,N,0
37.03828,-119.13314,320.83,0.42,0.38,2025-09-15,940,N,VIIRS,n,2,285.7,3.39,N,0
37.03895,-119.13803,296.47,0.42,0.38,2025-09-15,940,N,VIIRS,n,2,282.3,4.38,N,0
37.04023,-119.1475,302.5,0.42,0.38,2025-09-15,940,N,VIIRS,n,2,282.24,1.11,N,0
37.04085,-119.15213,312.23,0.42,0.38,2025-09-15,940,N,VIIRS,n,2,283.27,1.11,N,0
37.04105,-119.12743,308.16,0.42,0.38,2025-09-15,940,N,VIIRS,n,2,284.02,3.39,N,0
37.04172,-119.13232,343.58,0.42,0.38,2025-09-15,940,N,VIIRS,n,2,288.8,3.39,N,0
37.04237,-119.13718,344.4,0.42,0.38,2025-09-15,940,N,VIIRS,n,2,291.19,4.38,N,0
37.04303,-119.14201,321.04,0.42,0.38,2025-09-15,940,N,VIIRS,n,2,282.94,4.38,N,0
37.04432,-119.15152,303.83,0.42,0.38,2025-09-15,940,N,VIIRS,n,2,281.88,1.11,N,0
37.04515,-119.13152,300.41,0.42,0.38,2025-09-15,940,N,VIIRS,n,2,283.14,0.91,N,0
37.04646,-119.14115,311.58,0.42,0.38,2025-09-15,940,N,VIIRS,n,2,283.3,2.19,N,0
37.39676,-120.62981,301.16,0.48,0.4,2025-09-15,940,N,VIIRS,n,2,288.49,0.45,N,0
37.40043,-120.62912,312.1,0.48,0.4,2025-09-15,940,N,VIIRS,n,2,287.94,0.68,N,0
37.45331,-121.93301,302.34,0.55,0.42,2025-09-15,940,N,VIIRS,n,2,288.08,1.02,N,2
37.8824,-121.18427,301.57,0.51,0.41,2025-09-15,940,N,VIIRS,n,2,288,0.43,N,2
37.95586,-119.66338,296.07,0.45,0.39,2025-09-15,940,N,VIIRS,n,2,282.24,0.64,N,0
38.07126,-122.14209,303.15,0.57,0.43,2025-09-15,940,N,VIIRS,n,2,291.75,2.09,N,2
38.07217,-122.14108,306.83,0.57,0.43,2025-09-15,940,N,VIIRS,n,2,293.91,1.52,N,2
33.79475,-117.4766,305.34,0.38,0.36,2025-09-15,941,N,VIIRS,n,2,290.17,0.73,N,2
34.1525,-118.19458,310.09,0.39,0.36,2025-09-15,941,N,VIIRS,n,2,289.4,1.36,N,2
34.24248,-118.38371,299,0.39,0.36,2025-09-15,941,N,VIIRS,n,2,288.49,0.29,N,2
34.28989,-118.79955,302.03,0.4,0.37,2025-09-15,941,N,VIIRS,n,2,288.08,0.77,N,2
34.29052,-118.80386,306.28,0.4,0.37,2025-09-15,941,N,VIIRS,n,2,287.73,0.57,N,2
34.29387,-118.80314,307.31,0.4,0.37,2025-09-15,941,N,VIIRS,n,2,288.02,0.57,N,2
32.50963,-116.76901,340.44,0.4,0.37,2025-09-15,2059,N,VIIRS,l,2,313.6,6.25,D,2
32.58086,-115.10957,342,0.45,0.39,2025-09-15,2059,N,VIIRS,l,2,316.93,5.77,D,0
32.61172,-115.16637,344,0.45,0.39,2025-09-15,2059,N,VIIRS,l,2,316.97,8.7,D,0
33.18157,-117.29983,343.4,0.4,0.37,2025-09-15,2059,N,VIIRS,n,2,312.53,4.26,D,0
36.96807,-118.9862,331.26,0.39,0.36,2025-09-15,2101,N,VIIRS,l,2,302.82,2.55,D,0
36.97647,-119.06897,351.78,0.39,0.36,2025-09-15,2101,N,VIIRS,n,2,305.88,12.01,D,0
36.97709,-119.06472,339.26,0.39,0.36,2025-09-15,2101,N,VIIRS,n,2,304.08,5.33,D,0
36.97915,-119.07397,338.7,0.39,0.36,2025-09-15,2101,N,VIIRS,n,2,302.19,5.39,D,0
36.97977,-119.0697,343.01,0.39,0.36,2025-09-15,2101,N,VIIRS,n,2,303.43,5.39,D,0
36.98244,-119.07471,352.63,0.39,0.36,2025-09-15,2101,N,VIIRS,n,2,305.71,5.39,D,0
36.98369,-119.06619,342.79,0.39,0.36,2025-09-15,2101,N,VIIRS,n,2,304.52,11.36,D,0
36.98904,-119.07621,348.55,0.39,0.36,2025-09-15,2101,N,VIIRS,n,2,305.78,11.57,D,0
36.99234,-119.07692,356.51,0.39,0.36,2025-09-15,2101,N,VIIRS,n,2,304.12,12.65,D,0
37.01139,-119.17347,341.96,0.39,0.36,2025-09-15,2101,N,VIIRS,n,2,305.49,4.15,D,0
37.01406,-119.17858,339.77,0.39,0.36,2025-09-15,2101,N,VIIRS,n,2,308.54,4.15,D,0
37.01735,-119.17936,347.41,0.39,0.36,2025-09-15,2101,N,VIIRS,n,2,305.73,6.19,D,0
37.0181,-119.0872,344.57,0.39,0.36,2025-09-15,2101,N,VIIRS,n,2,310.71,40.86,D,0
37.01861,-119.17072,347.36,0.39,0.36,2025-09-15,2101,N,VIIRS,n,2,301.92,9.17,D,0
37.01986,-119.1622,344.08,0.39,0.36,2025-09-15,2101,N,VIIRS,n,2,305.09,5.85,D,0
37.02127,-119.17582,344.98,0.39,0.36,2025-09-15,2101,N,VIIRS,n,2,303.17,6.19,D,0
37.02175,-119.14931,343.89,0.39,0.36,2025-09-15,2101,N,VIIRS,n,2,301.09,5.14,D,0
37.02238,-119.14497,344.51,0.39,0.36,2025-09-15,2101,N,VIIRS,n,2,299.8,14.85,D,0
37.02302,-119.14062,348.16,0.39,0.36,2025-09-15,2101,N,VIIRS,n,2,302.9,14.85,D,0
37.02365,-119.13627,355.79,0.39,0.36,2025-09-15,2101,N,VIIRS,n,2,315.43,66.66,D,0
37.02695,-119.13698,367,0.39,0.36,2025-09-15,2101,N,VIIRS,h,2,340.15,66.66,D,0
37.02759,-119.13264,367,0.39,0.36,2025-09-15,2101,N,VIIRS,l,2,329.92,66.66,D,0
37.02822,-119.12833,350.34,0.39,0.36,2025-09-15,2101,N,VIIRS,n,2,307.64,11.82,D,0
37.02962,-119.14207,352.19,0.39,0.36,2025-09-15,2101,N,VIIRS,n,2,310.4,67.79,D,0
37.03026,-119.1377,350.9,0.39,0.36,2025-09-15,2101,N,VIIRS,n,2,304.24,29.5,D,0
37.03089,-119.13338,367,0.39,0.36,2025-09-15,2101,N,VIIRS,h,2,303.75,29.5,D,0
37.03481,-119.12991,341.34,0.39,0.36,2025-09-15,2101,N,VIIRS,n,2,305.36,7.68,D,0
37.03811,-119.13068,346.01,0.39,0.36,2025-09-15,2101,N,VIIRS,n,2,300.33,23.63,D,0
37.04078,-119.13571,352.96,0.39,0.36,2025-09-15,2101,N,VIIRS,n,2,316.51,43.58,D,0
37.0414,-119.13144,348.74,0.39,0.36,2025-09-15,2101,N,VIIRS,n,2,314.63,23.63,D,0
37.04219,-119.14937,343.61,0.39,0.36,2025-09-15,2101,N,VIIRS,n,2,300.17,5.5,D,0
37.04345,-119.14076,355.07,0.39,0.36,2025-09-15,2101,N,VIIRS,n,2,307.26,11.57,D,0
37.04407,-119.13649,337.32,0.39,0.36,2025-09-15,2101,N,VIIRS,n,2,300.47,11.57,D,0
37.04674,-119.14154,345.77,0.39,0.36,2025-09-15,2101,N,VIIRS,n,2,298.9,11.57,D,0
37.71521,-121.70102,337.39,0.4,0.37,2025-09-15,2101,N,VIIRS,l,2,311.87,1.6,D,0
37.9445,-122.38052,337.28,0.41,0.37,2025-09-15,2101,N,VIIRS,l,2,310.63,2.78,D,0
37.94529,-122.37592,344.76,0.41,0.37,2025-09-15,2101,N,VIIRS,n,2,310.91,4.21,D,0
38.04084,-122.24917,338.26,0.4,0.37,2025-09-15,2101,N,VIIRS,l,2,312.8,2.42,D,0
38.04384,-122.25335,339.19,0.4,0.37,2025-09-15,2101,N,VIIRS,n,2,309.01,2.93,D,0
38.04419,-122.25008,338.56,0.4,0.37,2025-09-15,2101,N,VIIRS,l,2,312.28,2.42,D,0
38.3835,-121.94986,340.07,0.4,0.37,2025-09-15,2101,N,VIIRS,n,2,313.69,2.05,D,0
38.47706,-120.8513,344.42,0.39,0.36,2025-09-15,2101,N,VIIRS,n,2,312.46,1.61,D,0
38.5209,-121.94801,346.51,0.4,0.37,2025-09-15,2101,N,VIIRS,n,2,311.49,2.89,D,0
38.52423,-121.94891,337.57,0.4,0.37,2025-09-15,2101,N,VIIRS,n,2,309.3,2.89,D,0
39.00151,-121.61402,341.37,0.39,0.36,2025-09-15,2101,N,VIIRS,n,2,314.86,4.44,D,0
39.13953,-122.25338,335.82,0.4,0.37,2025-09-15,2101,N,VIIRS,l,2,308.01,5.9,D,0
39.14285,-122.2543,335.39,0.4,0.37,2025-09-15,2101,N,VIIRS,l,2,308.88,5.18,D,0
39.28562,-121.57946,347.3,0.39,0.36,2025-09-15,2101,N,VIIRS,n,2,311.35,6.21,D,0
39.28634,-121.575,341,0.39,0.36,2025-09-15,2101,N,VIIRS,n,2,310.69,5.91,D,0
39.37741,-122.0658,332.46,0.39,0.36,2025-09-15,2101,N,VIIRS,l,2,307.22,3.36,D,0
39.4772,-121.93173,351,0.39,0.36,2025-09-15,2101,N,VIIRS,n,2,318.02,144.42,D,0
39.4805,-121.93263,367,0.39,0.36,2025-09-15,2101,N,VIIRS,h,2,360.03,144.42,D,0
39.4838,-121.93353,367,0.39,0.36,2025-09-15,2101,N,VIIRS,h,2,340.34,141.95,D,0
39.4959,-122.12404,338.53,0.39,0.36,2025-09-15,2101,N,VIIRS,l,2,312.3,36.39,D,0
39.49665,-122.11952,367,0.39,0.36,2025-09-15,2101,N,VIIRS,l,2,325.19,36.39,D,0
39.4977,-122.134,349.76,0.39,0.36,2025-09-15,2101,N,VIIRS,n,2,317.83,14.19,D,0
39.49921,-122.12495,348.34,0.39,0.36,2025-09-15,2101,N,VIIRS,n,2,312.57,14.74,D,0
39.49997,-122.12044,341.73,0.39,0.36,2025-09-15,2101,N,VIIRS,n,2,309.03,14.74,D,0
39.51728,-122.12049,343.59,0.39,0.36,2025-09-15,2101,N,VIIRS,n,2,306.24,14.88,D,0
39.51803,-122.11597,341.08,0.39,0.36,2025-09-15,2101,N,VIIRS,n,2,309.54,14.88,D,0
40.82146,-114.25604,311.49,0.45,0.39,2025-09-16,920,N,VIIRS,n,2,283.86,1.77,N,2
36.27605,-119.50074,302.85,0.46,0.47,2025-09-16,921,N,VIIRS,n,2,290.2,0.53,N,0
36.72047,-120.4894,301.05,0.53,0.5,2025-09-16,921,N,VIIRS,n,2,289.85,0.2,N,0
36.93741,-119.08137,307.41,0.45,0.47,2025-09-16,921,N,VIIRS,n,2,286.05,1.43,N,0
36.93834,-118.99816,308.16,0.44,0.46,2025-09-16,921,N,VIIRS,n,2,288.12,0.99,N,0
36.93959,-119.10514,308.94,0.45,0.47,2025-09-16,921,N,VIIRS,n,2,288.34,1.29,N,0
36.96017,-118.99889,299.05,0.44,0.46,2025-09-16,921,N,VIIRS,n,2,287.74,1.18,N,0
36.96393,-118.99265,305.7,0.44,0.46,2025-09-16,921,N,VIIRS,n,2,286.34,1.52,N,0
36.97533,-119.0666,303.88,0.45,0.47,2025-09-16,921,N,VIIRS,n,2,283.22,0.88,N,0
36.97588,-119.07243,305.5,0.45,0.47,2025-09-16,921,N,VIIRS,n,2,283.86,1.36,N,0
36.98018,-119.07169,306.17,0.45,0.47,2025-09-16,921,N,VIIRS,n,2,284.22,1.3,N,0
36.98072,-119.07735,311.74,0.45,0.47,2025-09-16,921,N,VIIRS,n,2,285.13,1.3,N,0
36.98393,-119.06519,300.81,0.45,0.47,2025-09-16,921,N,VIIRS,n,2,283.79,1.29,N,0
36.98446,-119.0707,302.99,0.45,0.47,2025-09-16,921,N,VIIRS,n,2,283.39,1.3,N,0
36.98777,-119.05968,300.85,0.45,0.47,2025-09-16,921,N,VIIRS,n,2,283.28,1.24,N,0
36.98989,-119.08176,297.17,0.45,0.47,2025-09-16,921,N,VIIRS,n,2,283.72,2.68,N,0
36.99424,-119.08159,333.45,0.45,0.47,2025-09-16,921,N,VIIRS,n,2,287.54,2.68,N,0
37.00038,-119.05461,328.99,0.45,0.47,2025-09-16,921,N,VIIRS,n,2,282.08,2.28,N,0
37.00089,-119.0598,296.51,0.45,0.47,2025-09-16,921,N,VIIRS,n,2,280.89,1.59,N,0
37.01542,-119.16531,320.82,0.45,0.47,2025-09-16,921,N,VIIRS,n,2,289.33,1.29,N,0
37.01595,-119.17083,302.92,0.45,0.47,2025-09-16,921,N,VIIRS,n,2,286.86,1.29,N,0
37.01601,-119.16396,309.95,0.45,0.47,2025-09-16,921,N,VIIRS,n,2,288.15,1.46,N,0
37.0165,-119.16955,312.51,0.45,0.47,2025-09-16,921,N,VIIRS,n,2,287.56,1.4,N,0
37.01691,-119.18087,300.03,0.45,0.47,2025-09-16,921,N,VIIRS,n,2,287.81,1.14,N,0
37.01698,-119.1748,298.04,0.45,0.47,2025-09-16,921,N,VIIRS,n,2,285.31,1.4,N,0
37.01721,-119.09303,316.99,0.45,0.47,2025-09-16,921,N,VIIRS,n,2,284.5,1.88,N,0
37.01742,-119.17976,298.14,0.45,0.47,2025-09-16,921,N,VIIRS,n,2,287.61,1.75,N,0
37.01827,-119.0916,315.84,0.45,0.47,2025-09-16,921,N,VIIRS,n,2,284.25,2.55,N,0
37.01968,-119.16393,303.46,0.45,0.47,2025-09-16,921,N,VIIRS,n,2,287.94,1.29,N,0
37.02023,-119.16969,305.98,0.45,0.47,2025-09-16,921,N,VIIRS,n,2,288.22,1.29,N,0
37.02028,-119.16254,300.31,0.45,0.47,2025-09-16,921,N,VIIRS,n,2,287.31,1.46,N,0
37.02074,-119.17493,302.11,0.45,0.47,2025-09-16,921,N,VIIRS,n,2,286.7,1.14,N,0
37.02128,-119.17375,302.71,0.45,0.47,2025-09-16,921,N,VIIRS,n,2,286.79,1.4,N,0
37.02153,-119.13761,317.55,0.45,0.47,2025-09-16,921,N,VIIRS,n,2,287.25,4.25,N,0
37.022,-119.14246,307.99,0.45,0.47,2025-09-16,921,N,VIIRS,n,2,286.87,2.4,N,0
37.02232,-119.13654,325.65,0.45,0.47,2025-09-16,921,N,VIIRS,n,2,288.75,3.82,N,0
37.02247,-119.14735,312.69,0.45,0.47,2025-09-16,921,N,VIIRS,n,2,287.42,2.4,N,0
37.02276,-119.14143,320.08,0.45,0.47,2025-09-16,921,N,VIIRS,n,2,287.82,3.82,N,0
37.0232,-119.14629,310.51,0.45,0.47,2025-09-16,921,N,VIIRS,n,2,287.53,1.45,N,0
37.02365,-119.15121,302.63,0.45,0.47,2025-09-16,921,N,VIIRS,n,2,286.6,1.45,N,0
37.0241,-119.15616,305.11,0.45,0.47,2025-09-16,921,N,VIIRS,n,2,286.5,1.54,N,0
37.02503,-119.17385,301.16,0.45,0.47,2025-09-16,921,N,VIIRS,n,2,287.09,0.91,N,0
37.02553,-119.17903,312.14,0.45,0.47,2025-09-16,921,N,VIIRS,n,2,287.26,0.91,N,0
37.02557,-119.17259,298.1,0.45,0.47,2025-09-16,921,N,VIIRS,n,2,287.04,1.37,N,0
37.02592,-119.13761,340.14,0.45,0.47,2025-09-16,921,N,VIIRS,n,2,291.66,4.25,N,0
37.02605,-119.17786,306.47,0.45,0.47,2025-09-16,921,N,VIIRS,n,2,286.55,1.11,N,0
37.02639,-119.14243,318.92,0.45,0.47,2025-09-16,921,N,VIIRS,n,2,287.61,2.4,N,0
37.02651,-119.18301,297.34,0.45,0.47,2025-09-16,921,N,VIIRS,n,2,285.45,1.11,N,0
37.0267,-119.13657,331.8,0.45,0.47,2025-09-16,921,N,VIIRS,n,2,291.1,3.82,N,0
37.02715,-119.14142,329.14,0.45,0.47,2025-09-16,921,N,VIIRS,n,2,289.36,3.82,N,0
37.02731,-119.15192,309.99,0.45,0.47,2025-09-16,921,N,VIIRS,n,2,287.16,1.93,N,0
37.02757,-119.14615,300.05,0.45,0.47,2025-09-16,921,N,VIIRS,n,2,286.29,1.45,N,0
37.02776,-119.15662,307.33,0.45,0.47,2025-09-16,921,N,VIIRS,n,2,286.69,1.93,N,0
37.02801,-119.15087,309.62,0.45,0.47,2025-09-16,921,N,VIIRS,n,2,287.17,1.45,N,0
37.02843,-119.15557,302.07,0.45,0.47,2025-09-16,921,N,VIIRS,n,2,286.55,1.54,N,0
37.03106,-119.1362,308.25,0.45,0.47,2025-09-16,921,N,VIIRS,n,2,287.11,4,N,0
37.0315,-119.14114,344.57,0.45,0.47,2025-09-16,921,N,VIIRS,n,2,292.2,4,N,0
37.03194,-119.14587,354.67,0.45,0.47,2025-09-16,921,N,VIIRS,n,2,290.69,14.52,N,0
37.03236,-119.15056,310.45,0.45,0.47,2025-09-16,921,N,VIIRS,n,2,287.21,14.52,N,0
37.03279,-119.1552,297.01,0.45,0.47,2025-09-16,921,N,VIIRS,n,2,286.28,1.9,N,0
37.03535,-119.13519,315.84,0.45,0.47,2025-09-16,921,N,VIIRS,n,2,285.33,4,N,0
37.03629,-119.14546,355.45,0.45,0.47,2025-09-16,921,N,VIIRS,n,2,296,14.52,N,0
37.03672,-119.15023,342.02,0.45,0.47,2025-09-16,921,N,VIIRS,n,2,290.02,14.52,N,0
37.03716,-119.15493,313.67,0.45,0.47,2025-09-16,921,N,VIIRS,n,2,286.12,1.9,N,0
37.03911,-119.12827,300.16,0.45,0.47,2025-09-16,921,N,VIIRS,n,2,284.18,1.7,N,0
37.03963,-119.13407,337.95,0.45,0.47,2025-09-16,921,N,VIIRS,n,2,289.28,4.42,N,0
37.04015,-119.13966,341.91,0.45,0.47,2025-09-16,921,N,VIIRS,n,2,290.41,4.42,N,0
37.04063,-119.14492,349.03,0.45,0.47,2025-09-16,921,N,VIIRS,n,2,289.23,6.01,N,0
37.04108,-119.14989,337.43,0.45,0.47,2025-09-16,921,N,VIIRS,n,2,286.74,6.01,N,0
37.04153,-119.15482,295.67,0.45,0.47,2025-09-16,921,N,VIIRS,n,2,284.75,0.61,N,0
37.04393,-119.13309,306.13,0.45,0.47,2025-09-16,921,N,VIIRS,n,2,284.92,4.42,N,0
37.04443,-119.13851,304.63,0.45,0.47,2025-09-16,921,N,VIIRS,n,2,285.58,4.42,N,0
37.04494,-119.14418,306.88,0.45,0.47,2025-09-16,921,N,VIIRS,n,2,283.7,6.01,N,0
37.45361,-121.93332,307.28,0.32,0.55,2025-09-16,921,N,VIIRS,n,2,290.38,0.57,N,2
37.45596,-121.93472,307.71,0.32,0.55,2025-09-16,921,N,VIIRS,n,2,289.67,0.43,N,2
37.95308,-119.65804,327.87,0.49,0.49,2025-09-16,921,N,VIIRS,n,2,283.22,1.5,N,0
37.9576,-119.65761,310.33,0.49,0.49,2025-09-16,921,N,VIIRS,n,2,282.36,1.5,N,0
38.07357,-122.14118,308.78,0.34,0.56,2025-09-16,921,N,VIIRS,n,2,296.57,1.08,N,2
32.50944,-116.76939,343.69,0.46,0.39,2025-09-16,922,N,VIIRS,n,2,292.69,7.3,N,2
32.53974,-114.86698,303.04,0.4,0.37,2025-09-16,922,N,VIIRS,n,2,293,0.66,N,0
32.59947,-117.01031,304.11,0.47,0.4,2025-09-16,922,N,VIIRS,n,2,291.72,0.82,N,2
32.6102,-115.06783,329.36,0.41,0.37,2025-09-16,922,N,VIIRS,n,2,294.49,4.19,N,0
32.63098,-115.56458,315.06,0.42,0.38,2025-09-16,922,N,VIIRS,n,2,296.51,1.22,N,0
32.85627,-117.14855,306.27,0.48,0.4,2025-09-16,922,N,VIIRS,n,2,290.83,0.52,N,2
33.61371,-117.82452,305.55,0.53,0.42,2025-09-16,922,N,VIIRS,n,2,289.17,0.92,N,2
33.71561,-117.71224,308.21,0.53,0.42,2025-09-16,922,N,VIIRS,n,2,290.47,1.23,N,2
34.03466,-118.10666,301.13,0.55,0.43,2025-09-16,922,N,VIIRS,n,2,290.42,0.33,N,2
34.1422,-117.42715,305.12,0.51,0.41,2025-09-16,922,N,VIIRS,n,2,292.23,0.61,N,2
34.15215,-118.19634,315.45,0.56,0.43,2025-09-16,922,N,VIIRS,n,2,292.05,1.54,N,2
34.15381,-118.19585,313.32,0.56,0.43,2025-09-16,922,N,VIIRS,n,2,291.68,2.23,N,2
34.24297,-118.38121,303.93,0.38,0.43,2025-09-16,922,N,VIIRS,n,2,289.7,0.28,N,2
34.29256,-118.80186,313.63,0.4,0.44,2025-09-16,922,N,VIIRS,n,2,289.17,1.21,N,2
34.31928,-118.51389,304.7,0.39,0.44,2025-09-16,922,N,VIIRS,n,2,290.44,0.61,N,2
34.33634,-118.51951,315.68,0.39,0.44,2025-09-16,922,N,VIIRS,n,2,292.05,0.79,N,2
34.43129,-118.64483,310.68,0.4,0.44,2025-09-16,922,N,VIIRS,n,2,290.04,1.45,N,2
34.60971,-117.3379,310.47,0.52,0.41,2025-09-16,922,N,VIIRS,n,2,292.67,2.95,N,2
34.62073,-117.10057,309.19,0.5,0.41,2025-09-16,922,N,VIIRS,n,2,292.1,1.57,N,2
41.97081,-116.22982,301.29,0.74,0.76,2025-09-16,1100,N,VIIRS,n,2,272.27,0.38,N,0
36.96068,-118.99525,295.58,0.78,0.78,2025-09-16,1101,N,VIIRS,n,2,285.42,1.83,N,0
36.96378,-118.99743,302.37,0.78,0.78,2025-09-16,1101,N,VIIRS,n,2,286.13,3.86,N,0
36.97599,-119.06702,295.09,0.77,0.78,2025-09-16,1101,N,VIIRS,n,2,282.6,1.18,N,0
36.978,-119.07323,301.19,0.77,0.77,2025-09-16,1101,N,VIIRS,n,2,283.19,3.58,N,0
36.9794,-119.06883,303.64,0.77,0.77,2025-09-16,1101,N,VIIRS,n,2,283.17,2.06,N,0
36.98152,-119.07528,297.04,0.77,0.77,2025-09-16,1101,N,VIIRS,n,2,283.66,2.06,N,0
36.99224,-119.08402,300.13,0.77,0.77,2025-09-16,1101,N,VIIRS,n,2,284.83,3.06,N,0
37.0118,-119.16743,298.71,0.76,0.77,2025-09-16,1101,N,VIIRS,n,2,285.9,2.48,N,0
37.01741,-119.17113,297.72,0.76,0.77,2025-09-16,1101,N,VIIRS,n,2,286.06,1.82,N,0
37.02738,-119.1434,310.45,0.76,0.77,2025-09-16,1101,N,VIIRS,n,2,286.65,3.12,N,0
37.03077,-119.15379,301.73,0.76,0.77,2025-09-16,1101,N,VIIRS,n,2,285.6,3.12,N,0
37.03657,-119.14761,311.85,0.76,0.77,2025-09-16,1101,N,VIIRS,n,2,284.23,3,N,0
37.03857,-119.12981,304.87,0.76,0.77,2025-09-16,1101,N,VIIRS,n,2,283.72,3.29,N,0
37.03967,-119.15713,295.4,0.76,0.77,2025-09-16,1101,N,VIIRS,n,2,283.97,2.42,N,0
37.04074,-119.13644,308.7,0.76,0.77,2025-09-16,1101,N,VIIRS,n,2,284.72,3,N,0
37.04311,-119.14371,299.14,0.76,0.77,2025-09-16,1101,N,VIIRS,n,2,283.32,3,N,0
37.95744,-119.65803,299.52,0.68,0.74,2025-09-16,1101,N,VIIRS,n,2,282.36,1.02,N,0
38.0709,-122.14232,304.26,0.5,0.66,2025-09-16,1101,N,VIIRS,n,2,293.9,1.13,N,2
32.35535,-115.13263,337.96,0.39,0.37,2025-09-16,2040,N,VIIRS,n,2,307.94,5.58,D,0
32.4123,-116.96483,334.83,0.44,0.38,2025-09-16,2040,N,VIIRS,l,2,305.53,2.08,D,0
32.42365,-114.88186,345.68,0.39,0.36,2025-09-16,2040,N,VIIRS,n,2,310.3,9.99,D,0
32.42696,-114.88259,349.35,0.39,0.36,2025-09-16,2040,N,VIIRS,n,2,309.7,9.99,D,0
32.50924,-116.76834,335.83,0.43,0.38,2025-09-16,2040,N,VIIRS,l,2,308.95,2.89,D,2
32.57146,-114.82358,341.29,0.39,0.36,2025-09-16,2040,N,VIIRS,n,2,306.73,7.31,D,0
33.27921,-115.51208,346.98,0.4,0.37,2025-09-16,2041,N,VIIRS,n,2,311.91,10.09,D,0
33.28254,-115.51286,349.36,0.4,0.37,2025-09-16,2041,N,VIIRS,n,2,315.05,10.09,D,0
33.42004,-117.49126,343.94,0.45,0.39,2025-09-16,2041,N,VIIRS,n,2,311.38,6.6,D,0
34.09433,-117.39053,335.73,0.44,0.38,2025-09-16,2041,N,VIIRS,l,2,307.22,1.8,D,0
34.15434,-118.19089,335.42,0.47,0.39,2025-09-16,2041,N,VIIRS,l,2,307.71,4.35,D,2
34.25101,-116.06928,339.9,0.4,0.37,2025-09-16,2041,N,VIIRS,l,2,314.76,5.12,D,0
34.29204,-118.79906,333.63,0.49,0.4,2025-09-16,2041,N,VIIRS,l,2,307.8,2.24,D,2
34.41284,-118.80215,332.76,0.49,0.4,2025-09-16,2041,N,VIIRS,l,2,305.32,1.46,D,0
36.94069,-118.99902,342.67,0.46,0.39,2025-09-16,2042,N,VIIRS,n,2,306.55,5.52,D,0
36.96252,-118.99095,331.45,0.46,0.39,2025-09-16,2042,N,VIIRS,l,2,301.65,2.75,D,0
36.96603,-118.99213,333.77,0.46,0.39,2025-09-16,2042,N,VIIRS,n,2,303.1,2.75,D,0
36.96706,-118.98665,336.84,0.46,0.39,2025-09-16,2042,N,VIIRS,n,2,302.67,8.2,D,0
37.0153,-119.16795,344.05,0.46,0.39,2025-09-16,2042,N,VIIRS,n,2,301.49,7.95,D,0
37.01631,-119.16251,340.37,0.46,0.39,2025-09-16,2042,N,VIIRS,n,2,301.18,4.15,D,0
37.01748,-119.09597,340.6,0.46,0.39,2025-09-16,2042,N,VIIRS,n,2,300.75,9.3,D,0
37.01888,-119.16885,337.92,0.46,0.39,2025-09-16,2042,N,VIIRS,n,2,301.89,6.51,D,0
37.02282,-119.14772,348.97,0.46,0.39,2025-09-16,2042,N,VIIRS,n,2,299.55,5.36,D,0
37.02411,-119.18108,333.14,0.47,0.39,2025-09-16,2042,N,VIIRS,n,2,302.29,1.9,D,0
37.02506,-119.17864,339.59,0.46,0.39,2025-09-16,2042,N,VIIRS,n,2,302.45,7.43,D,0
37.02507,-119.17587,336.26,0.46,0.39,2025-09-16,2042,N,VIIRS,n,2,299.82,9.85,D,0
37.02606,-119.1734,333.54,0.46,0.39,2025-09-16,2042,N,VIIRS,n,2,298.48,7.94,D,0
37.02635,-119.1489,338.97,0.46,0.39,2025-09-16,2042,N,VIIRS,n,2,297.21,5.36,D,0
37.02648,-119.15158,347.17,0.46,0.39,2025-09-16,2042,N,VIIRS,n,2,298.07,10.23,D,0
37.02909,-119.13422,340.55,0.46,0.39,2025-09-16,2042,N,VIIRS,n,2,302.16,5.71,D,0
37.02926,-119.13698,343.71,0.46,0.39,2025-09-16,2042,N,VIIRS,n,2,302.39,12.81,D,0
37.0308,-119.14518,356.76,0.46,0.39,2025-09-16,2042,N,VIIRS,n,2,300.79,26.65,D,0
37.03094,-119.14784,346.24,0.46,0.39,2025-09-16,2042,N,VIIRS,n,2,301.75,10.23,D,0
37.03171,-119.14027,346.06,0.46,0.39,2025-09-16,2042,N,VIIRS,n,2,302.7,26.65,D,0
37.03187,-119.14297,356.76,0.46,0.39,2025-09-16,2042,N,VIIRS,n,2,306.94,12.81,D,0
37.03281,-119.13799,336.06,0.46,0.39,2025-09-16,2042,N,VIIRS,n,2,301.16,12.81,D,0
37.03434,-119.14626,351.21,0.46,0.39,2025-09-16,2042,N,VIIRS,n,2,308.93,26.65,D,0
37.03448,-119.14892,342.1,0.46,0.39,2025-09-16,2042,N,VIIRS,n,2,299.75,5.89,D,0
37.03527,-119.1413,341.11,0.46,0.39,2025-09-16,2042,N,VIIRS,n,2,311.99,26.65,D,0
37.03542,-119.14402,343.55,0.46,0.39,2025-09-16,2042,N,VIIRS,n,2,314.85,46.47,D,0
37.03725,-119.13059,341.29,0.46,0.39,2025-09-16,2042,N,VIIRS,n,2,304.33,12.6,D,0
37.03741,-119.13359,332.08,0.46,0.39,2025-09-16,2042,N,VIIRS,n,2,300.23,15.23,D,0
37.03802,-119.15002,331.41,0.46,0.39,2025-09-16,2042,N,VIIRS,n,2,297.76,5.89,D,0
37.03846,-119.12809,336.65,0.46,0.39,2025-09-16,2042,N,VIIRS,n,2,301.77,15.23,D,0
37.03896,-119.14508,348.06,0.46,0.39,2025-09-16,2042,N,VIIRS,n,2,316.59,46.47,D,0
37.03995,-119.13992,342.85,0.46,0.39,2025-09-16,2042,N,VIIRS,n,2,303.07,46.47,D,0
37.04097,-119.13457,352.59,0.46,0.39,2025-09-16,2042,N,VIIRS,n,2,308.33,15.23,D,0
37.04156,-119.15115,336.3,0.46,0.39,2025-09-16,2042,N,VIIRS,n,2,297.63,5.14,D,0
37.042,-119.12917,348.68,0.46,0.39,2025-09-16,2042,N,VIIRS,n,2,304.61,15.23,D,0
37.04251,-119.14615,347.91,0.46,0.39,2025-09-16,2042,N,VIIRS,n,2,298.12,8.37,D,0
37.04352,-119.14086,337.36,0.46,0.39,2025-09-16,2042,N,VIIRS,n,2,299.74,8.37,D,0
37.95595,-119.65597,348.49,0.47,0.4,2025-09-16,2042,N,VIIRS,n,2,310.75,32.79,D,0
38.1735,-121.38321,335.4,0.55,0.43,2025-09-16,2042,N,VIIRS,n,2,309.27,2.6,D,0
38.58762,-121.55383,342.66,0.55,0.43,2025-09-16,2042,N,VIIRS,n,2,312.46,6.78,D,0
39.1825,-121.62148,338.34,0.54,0.42,2025-09-16,2042,N,VIIRS,n,2,307.23,4.09,D,0
39.39066,-121.66254,336.06,0.54,0.42,2025-09-16,2043,N,VIIRS,l,2,310.84,5.98,D,0
39.39075,-121.66444,334.38,0.54,0.42,2025-09-16,2043,N,VIIRS,l,2,309.21,3.91,D,0
39.52605,-122.03827,346.21,0.56,0.43,2025-09-16,2043,N,VIIRS,n,2,309.29,3.19,D,0
39.27821,-121.41085,322.91,0.56,0.69,2025-09-17,901,N,VIIRS,n,2,288.63,3.21,N,0
39.27828,-121.40831,325.74,0.56,0.69,2025-09-17,901,N,VIIRS,n,2,288.32,2.26,N,0
40.82224,-114.25895,305.19,0.49,0.49,2025-09-17,901,N,VIIRS,n,2,284.02,1.87,N,2
41.81212,-123.1795,299.71,0.72,0.75,2025-09-17,901,N,VIIRS,n,2,286.98,1.74,N,0
41.81922,-123.1843,339.13,0.72,0.75,2025-09-17,901,N,VIIRS,n,2,289.17,8.38,N,0
36.9373,-119.08492,319.09,0.41,0.61,2025-09-17,902,N,VIIRS,n,2,287.41,1.16,N,0
36.9482,-119.07668,299.32,0.41,0.61,2025-09-17,902,N,VIIRS,n,2,285.64,0.92,N,0
36.97613,-119.06951,302.42,0.41,0.61,2025-09-17,902,N,VIIRS,n,2,283.92,0.81,N,0
36.98175,-119.06873,295.84,0.41,0.61,2025-09-17,902,N,VIIRS,n,2,283.98,0.81,N,0
36.98208,-119.07457,303.64,0.41,0.61,2025-09-17,902,N,VIIRS,n,2,285.76,0.81,N,0
36.9871,-119.06312,310.59,0.41,0.6,2025-09-17,902,N,VIIRS,n,2,283.88,1.34,N,0
36.98954,-119.06312,299.26,0.41,0.61,2025-09-17,902,N,VIIRS,n,2,284.01,1.13,N,0
36.99263,-119.12586,301.99,0.41,0.61,2025-09-17,902,N,VIIRS,n,2,287.67,0.84,N,0
36.99624,-119.12498,298.67,0.41,0.61,2025-09-17,902,N,VIIRS,n,2,287.87,0.98,N,0
37.01061,-119.17828,299.09,0.41,0.61,2025-09-17,902,N,VIIRS,n,2,286.82,0.65,N,0
37.01229,-119.17748,305.06,0.41,0.61,2025-09-17,902,N,VIIRS,n,2,287.54,1.21,N,0
37.01597,-119.17229,305.91,0.41,0.61,2025-09-17,902,N,VIIRS,n,2,287.23,1.65,N,0
37.01962,-119.13618,313.97,0.41,0.61,2025-09-17,902,N,VIIRS,n,2,286.68,1.49,N,0
37.01986,-119.14045,299.94,0.41,0.61,2025-09-17,902,N,VIIRS,n,2,285.92,1.55,N,0
37.02158,-119.13596,307.21,0.41,0.61,2025-09-17,902,N,VIIRS,n,2,286.57,1.35,N,0
37.0218,-119.14027,310.94,0.41,0.61,2025-09-17,902,N,VIIRS,n,2,287.08,1.35,N,0
37.02211,-119.18015,298.5,0.41,0.61,2025-09-17,902,N,VIIRS,n,2,287.18,0.77,N,0
37.02248,-119.15359,297.91,0.41,0.61,2025-09-17,902,N,VIIRS,n,2,286.19,1.26,N,0
37.0238,-119.17947,301.98,0.41,0.61,2025-09-17,902,N,VIIRS,n,2,287.03,1.71,N,0
37.02731,-119.1369,297.66,0.41,0.61,2025-09-17,902,N,VIIRS,n,2,286.81,1.41,N,0
37.02753,-119.14116,300.5,0.41,0.61,2025-09-17,902,N,VIIRS,n,2,286.55,1.41,N,0
37.02796,-119.14931,298.81,0.41,0.61,2025-09-17,902,N,VIIRS,n,2,286.4,3.5,N,0
37.02817,-119.15337,303.85,0.41,0.61,2025-09-17,902,N,VIIRS,n,2,287.28,1.52,N,0
37.02837,-119.15738,299.71,0.41,0.61,2025-09-17,902,N,VIIRS,n,2,286.24,1.52,N,0
37.02858,-119.16136,313.89,0.41,0.61,2025-09-17,902,N,VIIRS,n,2,286.76,1.51,N,0
37.03322,-119.14114,310.42,0.41,0.61,2025-09-17,902,N,VIIRS,n,2,286.67,1.41,N,0
37.03344,-119.14539,341.83,0.41,0.61,2025-09-17,902,N,VIIRS,n,2,289.49,3.5,N,0
37.03365,-119.14945,320.8,0.41,0.61,2025-09-17,902,N,VIIRS,n,2,288.05,3.5,N,0
37.03386,-119.15348,301.16,0.41,0.61,2025-09-17,902,N,VIIRS,n,2,286.22,1.52,N,0
37.03431,-119.16205,300.43,0.41,0.61,2025-09-17,902,N,VIIRS,n,2,285.44,1.51,N,0
37.03828,-119.12894,297.31,0.41,0.61,2025-09-17,902,N,VIIRS,n,2,284.87,1.19,N,0
37.0386,-119.13511,318.08,0.41,0.61,2025-09-17,902,N,VIIRS,n,2,285.51,2.72,N,0
37.03888,-119.14046,320.4,0.41,0.61,2025-09-17,902,N,VIIRS,n,2,286.48,2.72,N,0
37.03912,-119.14525,324.62,0.41,0.61,2025-09-17,902,N,VIIRS,n,2,286.71,2.35,N,0
37.03935,-119.14956,325.66,0.41,0.61,2025-09-17,902,N,VIIRS,n,2,287.46,2.35,N,0
37.03957,-119.15379,300.46,0.41,0.61,2025-09-17,902,N,VIIRS,n,2,285.15,2.09,N,0
37.04478,-119.14466,295.26,0.41,0.61,2025-09-17,902,N,VIIRS,n,2,283.23,2.35,N,0
37.95277,-119.66496,301.99,0.45,0.63,2025-09-17,902,N,VIIRS,n,2,284.59,0.84,N,0
37.95716,-119.66402,321.72,0.45,0.63,2025-09-17,902,N,VIIRS,n,2,285.68,3.19,N,0
37.95825,-119.65649,295.95,0.45,0.63,2025-09-17,902,N,VIIRS,n,2,282.43,0.94,N,0
37.95873,-119.6665,311.6,0.45,0.63,2025-09-17,902,N,VIIRS,n,2,285.09,0.94,N,0
32.50765,-116.77358,302.18,0.54,0.51,2025-09-17,903,N,VIIRS,n,2,276.44,1.83,N,0
32.50864,-116.77126,306.24,0.54,0.51,2025-09-17,903,N,VIIRS,n,2,275.95,0.68,N,2
33.71615,-117.70996,300.75,0.64,0.54,2025-09-17,903,N,VIIRS,n,2,288.97,0.86,N,2
33.77704,-118.23846,305.23,0.34,0.56,2025-09-17,903,N,VIIRS,n,2,290.63,1.82,N,2
33.81375,-118.23994,300.48,0.34,0.56,2025-09-17,903,N,VIIRS,n,2,287.27,1.21,N,2
33.8195,-118.24693,301.21,0.34,0.56,2025-09-17,903,N,VIIRS,n,2,288.42,1.51,N,2
33.85216,-118.33501,304.68,0.35,0.56,2025-09-17,903,N,VIIRS,n,2,288.77,0.8,N,2
34.03593,-118.10711,301.93,0.34,0.56,2025-09-17,903,N,VIIRS,n,2,289.83,0.29,N,2
34.15304,-118.19601,315.38,0.34,0.56,2025-09-17,903,N,VIIRS,n,2,290.62,0.97,N,2
34.24448,-118.38306,301.91,0.35,0.57,2025-09-17,903,N,VIIRS,n,2,289.96,0.3,N,2
34.29384,-118.80282,301.99,0.37,0.58,2025-09-17,903,N,VIIRS,n,2,289.05,0.32,N,2
34.33426,-118.51991,302.84,0.36,0.57,2025-09-17,903,N,VIIRS,n,2,290.14,0.59,N,2
34.33753,-118.52117,304.59,0.36,0.57,2025-09-17,903,N,VIIRS,n,2,290.39,0.72,N,2
34.60664,-117.33648,314.24,0.62,0.54,2025-09-17,903,N,VIIRS,n,2,292.36,1.96,N,2
40.82022,-114.25755,295.14,0.6,0.7,2025-09-17,1041,N,VIIRS,n,2,282.37,1.04,N,2
40.82312,-114.26665,297.32,0.6,0.7,2025-09-17,1041,N,VIIRS,n,2,282.1,1.04,N,0
41.81744,-123.1819,338.53,0.42,0.45,2025-09-17,1041,N,VIIRS,n,2,289.04,4.36,N,0
36.93421,-119.08058,297.17,0.44,0.63,2025-09-17,1042,N,VIIRS,n,2,286.4,1.12,N,0
36.93555,-119.08541,317.19,0.44,0.63,2025-09-17,1042,N,VIIRS,n,2,287.58,1.12,N,0
36.94029,-119.08018,307.95,0.44,0.63,2025-09-17,1042,N,VIIRS,n,2,286.84,1.07,N,0
36.94137,-119.08408,300.62,0.44,0.63,2025-09-17,1042,N,VIIRS,n,2,286.64,1.07,N,0
36.96121,-118.99899,301.79,0.45,0.63,2025-09-17,1042,N,VIIRS,n,2,287.37,1.13,N,0
36.96304,-119.00564,297.79,0.45,0.63,2025-09-17,1042,N,VIIRS,n,2,286.74,1.13,N,0
36.96304,-119.00349,307.2,0.45,0.63,2025-09-17,1042,N,VIIRS,n,2,287.71,2.16,N,0
36.96571,-118.99282,306.53,0.45,0.63,2025-09-17,1042,N,VIIRS,n,2,287.12,1.35,N,0
36.96597,-118.99184,304.73,0.45,0.63,2025-09-17,1042,N,VIIRS,n,2,286.57,2.07,N,0
36.97383,-119.06721,307.01,0.45,0.63,2025-09-17,1042,N,VIIRS,n,2,282.75,1.22,N,0
36.97449,-119.06591,301.78,0.44,0.63,2025-09-17,1042,N,VIIRS,n,2,282.69,1.33,N,0
36.97492,-119.07115,304.68,0.44,0.63,2025-09-17,1042,N,VIIRS,n,2,283.16,1.68,N,0
36.97559,-119.06982,303.11,0.44,0.63,2025-09-17,1042,N,VIIRS,n,2,283.15,1.33,N,0
36.97671,-119.07378,299.13,0.44,0.63,2025-09-17,1042,N,VIIRS,n,2,283.19,1.45,N,0
36.97948,-119.06525,306.19,0.45,0.63,2025-09-17,1042,N,VIIRS,n,2,283.28,1.22,N,0
36.98013,-119.06394,303.92,0.44,0.63,2025-09-17,1042,N,VIIRS,n,2,283.3,1.33,N,0
36.98056,-119.06917,298.66,0.44,0.63,2025-09-17,1042,N,VIIRS,n,2,283.32,1.68,N,0
36.98168,-119.07326,317.83,0.44,0.63,2025-09-17,1042,N,VIIRS,n,2,286.41,1.68,N,0
36.9824,-119.07198,318.48,0.44,0.63,2025-09-17,1042,N,VIIRS,n,2,285.43,1.45,N,0
36.98355,-119.07608,296.95,0.44,0.63,2025-09-17,1042,N,VIIRS,n,2,285.05,1.45,N,0
36.985,-119.06284,302.89,0.45,0.63,2025-09-17,1042,N,VIIRS,n,2,283.63,1.03,N,0
36.98559,-119.0613,297.59,0.44,0.63,2025-09-17,1042,N,VIIRS,n,2,283.37,1.31,N,0
36.98953,-119.07928,297.01,0.44,0.63,2025-09-17,1042,N,VIIRS,n,2,284.17,1.16,N,0
36.99128,-119.08152,303.14,0.44,0.63,2025-09-17,1042,N,VIIRS,n,2,284.93,2.1,N,0
37.00176,-119.05627,295.91,0.44,0.63,2025-09-17,1042,N,VIIRS,n,2,280.7,0.34,N,0
37.01596,-119.16927,298.38,0.44,0.62,2025-09-17,1042,N,VIIRS,n,2,287.41,1.58,N,0
37.02182,-119.17433,301.74,0.44,0.62,2025-09-17,1042,N,VIIRS,n,2,286.44,1.65,N,0
37.02375,-119.13647,299.16,0.44,0.62,2025-09-17,1042,N,VIIRS,n,2,286.71,1.14,N,0
37.02446,-119.17762,298.27,0.44,0.62,2025-09-17,1042,N,VIIRS,n,2,286.33,2.11,N,0
37.02807,-119.15227,304.54,0.44,0.62,2025-09-17,1042,N,VIIRS,n,2,286.71,1.63,N,0
37.02888,-119.1777,295.7,0.44,0.62,2025-09-17,1042,N,VIIRS,n,2,285.46,0.53,N,0
37.02904,-119.14996,308.64,0.44,0.62,2025-09-17,1042,N,VIIRS,n,2,286.82,1.57,N,0
37.02965,-119.15806,300.15,0.44,0.62,2025-09-17,1042,N,VIIRS,n,2,286.27,1.17,N,0
37.03064,-119.15569,304.61,0.44,0.62,2025-09-17,1042,N,VIIRS,n,2,286.25,1.57,N,0
37.03419,-119.14635,347.48,0.44,0.62,2025-09-17,1042,N,VIIRS,n,2,289.11,3.63,N,0
37.03575,-119.15194,315.33,0.44,0.62,2025-09-17,1042,N,VIIRS,n,2,286.27,3.63,N,0
37.0359,-119.13039,297.49,0.44,0.62,2025-09-17,1042,N,VIIRS,n,2,283.74,0.82,N,0
37.03722,-119.15719,297.85,0.44,0.62,2025-09-17,1042,N,VIIRS,n,2,285.1,1.83,N,0
37.03955,-119.14347,315.96,0.44,0.62,2025-09-17,1042,N,VIIRS,n,2,284.7,3.63,N,0
37.04093,-119.1484,320.7,0.44,0.62,2025-09-17,1042,N,VIIRS,n,2,285.29,3.63,N,0
37.04232,-119.15339,303.37,0.44,0.62,2025-09-17,1042,N,VIIRS,n,2,284.1,1.83,N,0
37.04282,-119.13312,303.41,0.44,0.62,2025-09-17,1042,N,VIIRS,n,2,284.27,1.51,N,0
37.04521,-119.14168,299.68,0.44,0.62,2025-09-17,1042,N,VIIRS,n,2,282.96,0.74,N,0
37.04641,-119.14597,299.55,0.44,0.62,2025-09-17,1042,N,VIIRS,n,2,281.79,0.74,N,0
37.88485,-121.18534,299.97,0.33,0.55,2025-09-17,1042,N,VIIRS,n,2,289.82,0.23,N,2
37.95326,-119.65514,303.63,0.39,0.59,2025-09-17,1042,N,VIIRS,n,2,281.63,1.19,N,0
37.95424,-119.65874,325.21,0.39,0.59,2025-09-17,1042,N,VIIRS,n,2,284.89,1.52,N,0
37.95517,-119.66214,295.01,0.39,0.59,2025-09-17,1042,N,VIIRS,n,2,284.05,1.52,N,0
38.07278,-122.13898,305.49,0.58,0.52,2025-09-17,1042,N,VIIRS,n,2,294.38,1.82,N,2
39.49403,-119.61989,295.04,0.36,0.57,2025-09-17,1042,N,VIIRS,n,2,283.59,0.51,N,2
34.15101,-118.19334,300.59,0.58,0.7,2025-09-17,1043,N,VIIRS,n,2,288.39,0.63,N,2
34.15141,-118.19398,301.72,0.58,0.7,2025-09-17,1043,N,VIIRS,n,2,288.24,0.43,N,2
34.292,-118.80413,300.78,0.54,0.68,2025-09-17,1043,N,VIIRS,n,2,286.61,0.72,N,2
34.3357,-118.52081,302.87,0.55,0.68,2025-09-17,1043,N,VIIRS,n,2,288.36,1.04,N,2
34.43177,-118.6449,299.75,0.54,0.68,2025-09-17,1043,N,VIIRS,n,2,287.94,0.74,N,2
34.60723,-117.3407,310.29,0.63,0.72,2025-09-17,1043,N,VIIRS,n,2,289.78,2.42,N,2
34.61012,-117.33745,314.78,0.63,0.72,2025-09-17,1043,N,VIIRS,n,2,290.77,2.11,N,2
34.62268,-117.10266,304.24,0.65,0.73,2025-09-17,1043,N,VIIRS,n,2,290.63,1.72,N,2
36.20203,-118.18371,343.99,0.48,0.48,2025-09-17,2023,N,VIIRS,n,2,313.75,84.82,D,0
36.20307,-118.17915,341.68,0.48,0.48,2025-09-17,2023,N,VIIRS,n,2,300.77,26.56,D,0
37.03075,-119.14321,336.76,0.52,0.5,2025-09-17,2023,N,VIIRS,n,2,298.14,8.14,D,0
37.03949,-119.12627,340,0.52,0.5,2025-09-17,2023,N,VIIRS,n,2,298.27,6.1,D,0
37.04095,-119.14074,336.82,0.52,0.5,2025-09-17,2023,N,VIIRS,n,2,297.79,11.83,D,0
37.95724,-119.65691,332.89,0.52,0.5,2025-09-17,2023,N,VIIRS,n,2,297.23,3.87,D,0
38.52318,-121.94958,350.79,0.33,0.55,2025-09-17,2024,N,VIIRS,n,2,311.63,3.27,D,0
39.39306,-121.65004,346.51,0.61,0.53,2025-09-17,2024,N,VIIRS,n,2,316.08,61.87,D,0
39.73063,-122.10285,332.39,0.63,0.54,2025-09-17,2024,N,VIIRS,n,2,306.41,8.05,D,0
39.73544,-122.10485,351.66,0.63,0.54,2025-09-17,2024,N,VIIRS,n,2,309.41,8.05,D,0
41.10065,-121.036,342.16,0.52,0.5,2025-09-17,2024,N,VIIRS,l,2,312.24,5.68,D,0
41.10498,-121.03816,356.14,0.52,0.5,2025-09-17,2024,N,VIIRS,n,2,320.72,28.7,D,0
41.10789,-121.04614,348.83,0.52,0.5,2025-09-17,2024,N,VIIRS,n,2,315.1,28.7,D,0
41.10931,-121.0403,355.79,0.52,0.5,2025-09-17,2024,N,VIIRS,n,2,313.48,28.7,D,0
41.1108,-121.03416,352.4,0.52,0.5,2025-09-17,2024,N,VIIRS,n,2,308.9,23.17,D,0
41.81538,-123.17886,331.9,0.63,0.54,2025-09-17,2025,N,VIIRS,n,2,300.13,24.99,D,0
41.81689,-123.17308,341.85,0.63,0.54,2025-09-17,2025,N,VIIRS,n,2,306.7,24.99,D,0
41.81975,-123.18259,336.13,0.63,0.54,2025-09-17,2025,N,VIIRS,n,2,296.93,42.59,D,0
41.8214,-123.17628,342.3,0.63,0.54,2025-09-17,2025,N,VIIRS,n,2,299.71,42.59,D,0
36.96042,-118.99719,332.18,0.73,0.76,2025-09-17,2204,N,VIIRS,n,2,294.19,7.89,D,0
36.97692,-119.06731,338.22,0.73,0.76,2025-09-17,2204,N,VIIRS,n,2,293.58,11,D,0
36.97702,-119.06097,346.33,0.73,0.76,2025-09-17,2204,N,VIIRS,n,2,293.41,17.31,D,0
36.98403,-119.06752,331.99,0.73,0.76,2025-09-17,2204,N,VIIRS,n,2,293.65,9.18,D,0
36.98414,-119.06017,334.58,0.73,0.76,2025-09-17,2204,N,VIIRS,n,2,292.28,12.2,D,0
37.04292,-119.14207,344.25,0.72,0.76,2025-09-17,2204,N,VIIRS,n,2,292.03,13.77,D,0
37.95583,-119.65141,332.18,0.69,0.74,2025-09-17,2204,N,VIIRS,n,2,293.72,5.05,D,0
37.95665,-119.65437,341.17,0.69,0.74,2025-09-17,2204,N,VIIRS,n,2,295.54,7.21,D,0
39.39578,-121.65131,356.32,0.54,0.68,2025-09-17,2204,N,VIIRS,n,2,315.24,10.39,D,0
39.73144,-122.10395,336.51,0.52,0.67,2025-09-17,2204,N,VIIRS,l,2,310.67,3.92,D,0
41.10121,-121.03375,334.1,0.6,0.71,2025-09-17,2205,N,VIIRS,n,2,307.45,19.46,D,0
41.10385,-121.04192,341.01,0.6,0.71,2025-09-17,2205,N,VIIRS,n,2,306.74,20.65,D,0
41.10397,-121.0349,341.79,0.6,0.71,2025-09-17,2205,N,VIIRS,n,2,308.06,32.45,D,0
41.10765,-121.04755,367,0.6,0.71,2025-09-17,2205,N,VIIRS,h,2,308.68,17.75,D,0
41.10775,-121.04002,367,0.6,0.71,2025-09-17,2205,N,VIIRS,h,2,314.55,19.46,D,0
41.10783,-121.03332,349.64,0.6,0.71,2025-09-17,2205,N,VIIRS,n,2,306.45,19.46,D,0
41.11034,-121.04875,346.81,0.6,0.71,2025-09-17,2205,N,VIIRS,n,2,305.33,20.65,D,0
41.11047,-121.0412,367,0.6,0.71,2025-09-17,2205,N,VIIRS,h,2,316.2,20.65,D,0
41.11059,-121.03436,367,0.6,0.71,2025-09-17,2205,N,VIIRS,h,2,311.18,32.45,D,0
41.11427,-121.04687,354.24,0.6,0.71,2025-09-17,2205,N,VIIRS,n,2,306.27,9.74,D,0
41.11436,-121.03949,354.12,0.6,0.71,2025-09-17,2205,N,VIIRS,n,2,304.2,16.58,D,0
41.11444,-121.03266,367,0.6,0.71,2025-09-17,2205,N,VIIRS,h,2,306.76,16.58,D,0
41.81154,-123.17953,340.27,0.47,0.64,2025-09-17,2205,N,VIIRS,n,2,304.8,51.04,D,0
41.81186,-123.17032,330.21,0.47,0.64,2025-09-17,2205,N,VIIRS,n,2,303.78,75.22,D,0
41.81418,-123.17278,367,0.47,0.64,2025-09-17,2205,N,VIIRS,h,2,319.58,140.4,D,0
41.81742,-123.18291,328.41,0.47,0.64,2025-09-17,2205,N,VIIRS,l,2,299.73,51.04,D,0
41.81766,-123.17597,208,0.47,0.64,2025-09-17,2205,N,VIIRS,l,2,321.56,51.04,D,0
41.81794,-123.16828,367,0.47,0.64,2025-09-17,2205,N,VIIRS,h,2,306.16,75.22,D,0
41.82004,-123.17723,345.36,0.47,0.64,2025-09-17,2205,N,VIIRS,n,2,301.55,34.78,D,0
41.82026,-123.17017,367,0.47,0.64,2025-09-17,2205,N,VIIRS,h,2,303.3,34.78,D,0
40.82151,-114.25985,301.23,0.43,0.62,2025-09-18,842,N,VIIRS,n,2,284.49,1.34,N,2
40.82207,-114.25952,302.81,0.43,0.62,2025-09-18,842,N,VIIRS,n,2,284.79,1.58,N,2
40.82074,-114.25658,303.98,0.35,0.57,2025-09-18,1022,N,VIIRS,n,2,283.95,1.33,N,2
40.82203,-114.26133,305.01,0.35,0.57,2025-09-18,1022,N,VIIRS,n,2,283.07,1.91,N,2
40.73596,-122.32397,303.22,0.45,0.39,2025-09-18,1023,N,VIIRS,n,2,290.6,0.56,N,2
41.81429,-123.17927,309.71,0.42,0.37,2025-09-18,1023,N,VIIRS,n,2,288.18,1.26,N,0
41.81761,-123.17782,341.67,0.42,0.37,2025-09-18,1023,N,VIIRS,n,2,291.72,5.13,N,0
37.45551,-121.93482,295.49,0.53,0.42,2025-09-18,1024,N,VIIRS,n,2,278.68,0.29,N,2
37.45638,-121.93396,297.27,0.53,0.42,2025-09-18,1024,N,VIIRS,n,2,281.36,0.29,N,2
37.9553,-119.65706,310.98,0.44,0.46,2025-09-18,1024,N,VIIRS,n,2,280.99,2.72,N,0
37.95586,-119.65374,314.35,0.45,0.47,2025-09-18,1024,N,VIIRS,n,2,279.62,1.37,N,0
37.9568,-119.65799,304.6,0.45,0.47,2025-09-18,1024,N,VIIRS,n,2,280.93,2.08,N,0
38.1024,-121.36884,328.33,0.55,0.43,2025-09-18,1024,N,VIIRS,n,2,288.83,2.97,N,0
38.10253,-121.36926,328.81,0.55,0.43,2025-09-18,1024,N,VIIRS,n,2,290.6,6.66,N,0
38.1037,-121.37498,311.6,0.55,0.42,2025-09-18,1024,N,VIIRS,n,2,287.72,2.97,N,0
32.59862,-114.81252,336.42,0.34,0.56,2025-09-18,2003,N,VIIRS,n,2,296.79,2.82,D,0
32.59985,-114.81358,345.67,0.34,0.56,2025-09-18,2003,N,VIIRS,n,2,296.59,4.76,D,0
32.60368,-114.81421,332.14,0.34,0.56,2025-09-18,2003,N,VIIRS,n,2,294.34,2.82,D,0
39.10497,-121.67492,330.33,0.54,0.68,2025-09-18,2005,N,VIIRS,n,2,293.08,1.69,D,0
39.55984,-123.33511,296.23,0.39,0.36,2025-09-19,1005,N,VIIRS,n,2,278.34,1.14,N,0
32.39665,-116.75065,300.22,0.47,0.47,2025-09-19,1006,N,VIIRS,n,2,289.75,0.76,N,0
32.4979,-116.31854,312.32,0.49,0.49,2025-09-19,1006,N,VIIRS,n,2,287.67,1.04,N,2
32.49863,-116.83655,313.75,0.46,0.47,2025-09-19,1006,N,VIIRS,n,2,289.73,1.72,N,0
32.59962,-117.01073,305.82,0.45,0.47,2025-09-19,1006,N,VIIRS,n,2,290.27,0.71,N,2
32.85792,-117.14911,304.67,0.43,0.46,2025-09-19,1006,N,VIIRS,n,2,289.44,0.37,N,2
33.7937,-117.47679,307.46,0.4,0.44,2025-09-19,1006,N,VIIRS,n,2,288.93,0.68,N,2
33.85559,-118.33356,301.25,0.54,0.42,2025-09-19,1006,N,VIIRS,n,2,290.26,0.62,N,2
34.15331,-118.19595,300.54,0.54,0.42,2025-09-19,1006,N,VIIRS,n,2,280.36,0.79,N,2
34.62076,-117.10279,301.36,0.4,0.44,2025-09-19,1006,N,VIIRS,n,2,287.82,0.86,N,2
34.62316,-117.10005,315.66,0.4,0.44,2025-09-19,1006,N,VIIRS,n,2,290.18,1.53,N,2
34.62484,-117.10186,308.1,0.4,0.44,2025-09-19,1006,N,VIIRS,n,2,289.33,0.97,N,2
32.23572,-115.07344,353.56,0.66,0.73,2025-09-19,1944,N,VIIRS,n,2,298.4,10.47,D,0
32.08253,-115.01194,348.38,0.33,0.55,2025-09-19,2124,N,VIIRS,n,2,303.91,5.05,D,0
32.08554,-115.01067,347.87,0.33,0.55,2025-09-19,2124,N,VIIRS,n,2,304.67,6.48,D,0
32.22992,-115.07392,337.56,0.32,0.55,2025-09-19,2124,N,VIIRS,n,2,305.27,3.49,D,0
32.35925,-115.09586,341.51,0.32,0.55,2025-09-19,2124,N,VIIRS,n,2,305.51,2.75,D,0
32.49857,-116.31887,339.24,0.55,0.51,2025-09-19,2124,N,VIIRS,n,2,307.36,2.58,D,2
33.84763,-118.33141,336.18,0.44,0.46,2025-09-19,2125,N,VIIRS,n,2,297.85,2.4,D,2